image_path,latent_0,latent_1,latent_2,latent_3,latent_4,latent_5,latent_6,latent_7,latent_8,latent_9,latent_10,latent_11,latent_12,latent_13,latent_14,latent_15,latent_16,latent_17,latent_18,latent_19,latent_20,latent_21,latent_22,latent_23,latent_24,latent_25,latent_26,latent_27,latent_28,latent_29,latent_30,latent_31,latent_32,latent_33,latent_34,latent_35,latent_36,latent_37,latent_38,latent_39,latent_40,latent_41,latent_42,latent_43,latent_44,latent_45,latent_46,latent_47,latent_48,latent_49,latent_50,latent_51,latent_52,latent_53,latent_54,latent_55,latent_56,latent_57,latent_58,latent_59,latent_60,latent_61,latent_62,latent_63,latent_64,latent_65,latent_66,latent_67,latent_68,latent_69,latent_70,latent_71,latent_72,latent_73,latent_74,latent_75,latent_76,latent_77,latent_78,latent_79,latent_80,latent_81,latent_82,latent_83,latent_84,latent_85,latent_86,latent_87,latent_88,latent_89,latent_90,latent_91,latent_92,latent_93,latent_94,latent_95,latent_96,latent_97,latent_98,latent_99,latent_100,latent_101,latent_102,latent_103,latent_104,latent_105,latent_106,latent_107,latent_108,latent_109,latent_110,latent_111,latent_112,latent_113,latent_114,latent_115,latent_116,latent_117,latent_118,latent_119,latent_120,latent_121,latent_122,latent_123,latent_124,latent_125,latent_126,latent_127
AnomalyDetection/data/Fe15/DSC00537.JPG,-58.37815475463867,-52.938228607177734,6.851073741912842,-96.72123718261719,48.51557540893555,1.2972588539123535,-13.109089851379395,-26.47374725341797,-90.72566986083984,106.7024154663086,-127.65055084228516,7.334903717041016,-126.2389144897461,-67.236083984375,99.43372344970703,30.260034561157227,-71.19900512695312,15.646231651306152,52.86893081665039,-88.58490753173828,-11.150017738342285,12.941044807434082,-17.958234786987305,3.343766450881958,95.95709228515625,-104.78707122802734,39.669166564941406,22.909435272216797,73.7248764038086,-0.7218725085258484,70.66376495361328,-5.809217929840088,-42.18464660644531,112.89302062988281,14.493648529052734,-17.795150756835938,-111.49176788330078,26.315858840942383,98.02564239501953,115.04546356201172,-21.994848251342773,3.635751247406006,-67.14646911621094,132.60633850097656,-77.47949981689453,52.180511474609375,48.193756103515625,-77.76791381835938,23.42998504638672,93.81329345703125,-41.357421875,-41.95592498779297,-77.16742706298828,103.63013458251953,111.1444320678711,-13.868768692016602,-89.0051498413086,-29.887866973876953,12.268488883972168,7.221391201019287,23.835052490234375,30.311824798583984,4.389195442199707,-52.65769577026367,-21.545574188232422,-39.50466537475586,17.72508430480957,-13.347624778747559,52.52509307861328,-46.760807037353516,-11.144475936889648,133.1033172607422,29.10689353942871,12.802144050598145,-14.550838470458984,83.25819396972656,98.2800521850586,-3.8102011680603027,-66.9333724975586,54.525489807128906,8.987632751464844,35.54856491088867,-14.503705024719238,-60.68536376953125,-76.2141342163086,-51.712135314941406,33.81679153442383,-30.219865798950195,37.37626266479492,1.988465666770935,-90.66971588134766,30.487035751342773,27.964908599853516,-36.45924377441406,35.638763427734375,2.1984198093414307,42.660316467285156,-90.62637329101562,66.86077880859375,87.84679412841797,-47.256446838378906,24.468353271484375,-54.566646575927734,-87.41454315185547,-110.99422454833984,-24.94890022277832,-86.92781066894531,10.384891510009766,-30.548734664916992,-93.34037780761719,90.45589447021484,54.26118850708008,-76.5581283569336,-23.077669143676758,-165.56239318847656,-19.396406173706055,-106.75688171386719,-118.36209869384766,-165.05210876464844,44.2223014831543,-50.39347839355469,-117.97258758544922,-154.61802673339844,-62.603919982910156,48.254486083984375,35.3042106628418,9.872992515563965,-37.16047286987305
AnomalyDetection/data/Fe15/DSC00538.JPG,-72.03539276123047,-77.153076171875,1.5355180501937866,-85.3756103515625,50.11550521850586,-63.13642501831055,7.65251350402832,-50.703590393066406,-83.93460845947266,114.06504821777344,-144.91867065429688,1.4341248273849487,-121.5943832397461,-38.302120208740234,87.55419158935547,36.8935661315918,-85.34413146972656,22.370325088500977,44.46977615356445,-41.913150787353516,48.93434143066406,14.249679565429688,-25.0093936920166,-37.90549087524414,55.913150787353516,-137.7393035888672,67.33834838867188,54.57673645019531,74.52429962158203,19.00107765197754,60.74393081665039,-40.297508239746094,-46.706092834472656,85.72410583496094,-4.827625751495361,-11.803350448608398,-95.412109375,84.81845092773438,105.20332336425781,143.6837615966797,4.012196063995361,-8.782455444335938,-79.78592681884766,121.47761535644531,-93.91603088378906,28.55516242980957,35.97697448730469,-60.60797882080078,23.818811416625977,68.8835678100586,-66.88397216796875,-81.71585845947266,-96.82725524902344,78.97811126708984,107.96473693847656,9.009276390075684,-90.65860748291016,4.3526716232299805,-23.838848114013672,-18.532838821411133,53.64560317993164,-15.30794620513916,45.384803771972656,-56.493587493896484,-17.62328338623047,-64.8587417602539,32.89421463012695,14.797184944152832,83.00827026367188,-121.22583770751953,22.691631317138672,132.3466033935547,-2.1293652057647705,24.61693572998047,-16.760513305664062,75.24603271484375,85.1097183227539,15.995891571044922,-76.17607116699219,76.49279022216797,-29.859725952148438,4.554978370666504,-8.1251859664917,-44.885902404785156,-63.06833267211914,-53.19093322753906,28.81293296813965,-48.701175689697266,29.8863582611084,-4.27977180480957,-133.89625549316406,52.1950798034668,5.401106357574463,-28.664276123046875,30.636281967163086,-2.6875827312469482,61.10832977294922,-105.26355743408203,111.25370788574219,118.89776611328125,-51.77224349975586,-27.191055297851562,-51.30746078491211,-100.20861053466797,-70.12825012207031,-107.80467224121094,-100.47570037841797,-13.157976150512695,-9.923331260681152,-86.59175872802734,113.40162658691406,36.650596618652344,-67.20153045654297,-7.645405292510986,-181.72113037109375,-36.49134063720703,-110.65263366699219,-138.95362854003906,-182.3907928466797,22.073453903198242,-45.07563400268555,-133.45899963378906,-182.4808349609375,-50.9275016784668,19.140972137451172,16.33175277709961,-10.65162181854248,-48.30006790161133
AnomalyDetection/data/Fe15/DSC00541.JPG,-48.18360900878906,-42.78338623046875,7.235513210296631,-87.77912902832031,36.76694107055664,4.290093421936035,-2.217071056365967,-23.37119483947754,-73.36431121826172,88.55863952636719,-90.91413879394531,-10.253690719604492,-98.29808807373047,-64.85285949707031,75.05073547363281,38.47282409667969,-60.971435546875,2.0388081073760986,42.875423431396484,-75.58062744140625,3.598848819732666,16.18830680847168,-11.769630432128906,0.8676528930664062,81.02132415771484,-81.71417236328125,37.71954345703125,16.392784118652344,60.284881591796875,-0.9592086672782898,56.97060012817383,-11.14004135131836,-25.25699234008789,91.95040130615234,25.850481033325195,-24.105892181396484,-87.604736328125,39.8775520324707,75.74198150634766,94.39991760253906,-18.781635284423828,9.164376258850098,-47.512962341308594,107.51544952392578,-61.42778015136719,45.37226867675781,35.78215789794922,-71.77815246582031,24.101547241210938,85.91263580322266,-35.19796371459961,-39.52995300292969,-64.8912582397461,85.2576675415039,87.9426498413086,-3.1624088287353516,-73.02019500732422,-39.65510940551758,16.579496383666992,-0.8999995589256287,13.607010841369629,20.851573944091797,-1.787278175354004,-37.0760498046875,-28.501628875732422,-29.17743682861328,9.472994804382324,-0.32179343700408936,42.45413589477539,-42.57007598876953,-16.672590255737305,101.93684387207031,21.615921020507812,4.068356513977051,-7.238802433013916,65.29032135009766,72.5665512084961,-14.249452590942383,-58.334903717041016,42.1698112487793,-7.2618584632873535,29.42518424987793,-13.919610977172852,-58.14933776855469,-70.62818145751953,-40.257301330566406,24.70757484436035,-30.936426162719727,40.289466857910156,5.121204853057861,-77.72975158691406,27.270898818969727,22.600696563720703,-20.66888427734375,32.06039047241211,-0.2071554958820343,39.87957000732422,-74.50599670410156,63.60576248168945,85.53501892089844,-40.510963439941406,16.759180068969727,-49.73801040649414,-75.70679473876953,-88.50123596191406,-1.736364483833313,-79.95221710205078,9.667105674743652,-21.39399528503418,-82.24480438232422,73.962646484375,46.28386688232422,-58.84706497192383,-23.01520347595215,-133.76377868652344,-19.542245864868164,-91.07764434814453,-93.09598541259766,-134.55055236816406,42.8462028503418,-42.14966583251953,-93.33475494384766,-129.58749389648438,-53.68342208862305,47.348838806152344,20.088550567626953,0.32832977175712585,-29.906951904296875
AnomalyDetection/data/Fe15/DSC00543.JPG,-74.24002838134766,-73.31985473632812,0.8797522187232971,-60.7335319519043,42.12929916381836,-66.23241424560547,-2.1403908729553223,-45.75349426269531,-82.0909652709961,110.0655288696289,-169.3747100830078,24.804183959960938,-118.69422912597656,-18.634601593017578,90.73193359375,13.659174919128418,-80.38484954833984,32.270530700683594,43.38605499267578,-21.572492599487305,23.874004364013672,7.046800136566162,-22.869869232177734,-40.71394729614258,45.58641815185547,-143.21768188476562,60.10519027709961,51.99093246459961,64.70291900634766,12.589948654174805,61.65719223022461,-28.745750427246094,-48.75853729248047,79.75231170654297,-21.1724796295166,8.006889343261719,-95.10185241699219,56.768062591552734,105.84080505371094,138.2998504638672,4.04360818862915,-14.812966346740723,-82.2610092163086,116.91510772705078,-93.6589584350586,22.560651779174805,44.806312561035156,-40.48568344116211,16.2910213470459,44.28948974609375,-66.43025970458984,-79.68999481201172,-95.53463745117188,80.83210754394531,109.06898498535156,3.369016647338867,-93.18505859375,28.515588760375977,-38.72915267944336,-13.506722450256348,60.46512222290039,-16.073619842529297,50.05906677246094,-51.14336395263672,4.475924015045166,-62.636878967285156,46.58274459838867,5.366588115692139,84.21025085449219,-115.57096099853516,32.03802490234375,146.02781677246094,-2.239581346511841,26.095537185668945,-33.33564376831055,72.26284790039062,94.28264617919922,37.36768341064453,-66.93760681152344,81.04823303222656,-10.044947624206543,2.688720941543579,6.507809162139893,-28.90279197692871,-43.45232391357422,-58.16358947753906,28.147245407104492,-35.00202560424805,9.44857120513916,-14.578277587890625,-127.08220672607422,51.01451873779297,9.940191268920898,-32.53757858276367,18.2039794921875,8.15187931060791,41.83049774169922,-101.00325012207031,91.13124084472656,95.48111724853516,-48.37657928466797,-17.695877075195312,-39.77862548828125,-82.73157501220703,-67.82134246826172,-139.24163818359375,-81.34981536865234,-16.605945587158203,-15.221540451049805,-75.17974853515625,114.71172332763672,27.241897583007812,-70.3284683227539,2.6956939697265625,-175.19049072265625,-31.325551986694336,-101.45889282226562,-147.6872100830078,-174.8726348876953,5.983919620513916,-41.64800262451172,-136.8012237548828,-168.93841552734375,-42.71774673461914,-1.9885269403457642,29.626829147338867,-6.81752872467041,-55.338165283203125
AnomalyDetection/data/Fe15/DSC00545.JPG,-78.34781646728516,-75.79814910888672,0.8072505593299866,-70.19681549072266,45.70175552368164,-68.42339324951172,0.5913709998130798,-49.60499954223633,-87.7259750366211,117.1270751953125,-170.96798706054688,17.48759651184082,-122.79747009277344,-24.681941986083984,92.98043823242188,20.212575912475586,-84.35563659667969,31.090526580810547,45.36656188964844,-27.55274772644043,33.07345199584961,9.455270767211914,-23.824247360229492,-42.75893783569336,50.0646858215332,-147.86981201171875,64.60525512695312,55.186607360839844,70.23075103759766,14.424947738647461,64.06587982177734,-34.44549560546875,-48.892066955566406,86.2142105102539,-16.141204833984375,2.275956153869629,-99.71308135986328,67.65234375,109.45342254638672,146.12374877929688,1.9709926843643188,-12.684181213378906,-86.13076782226562,123.56900787353516,-98.43976593017578,25.166112899780273,43.854713439941406,-47.3516845703125,19.068302154541016,53.841148376464844,-69.12036895751953,-84.80603790283203,-101.07576751708984,84.42923736572266,114.00336456298828,5.829375743865967,-97.88414001464844,21.881744384765625,-35.802886962890625,-16.4276065826416,60.56227493286133,-17.659168243408203,50.802337646484375,-53.5905876159668,-1.7484780550003052,-67.2169189453125,44.445064544677734,8.37723445892334,88.32670593261719,-123.50001525878906,29.966773986816406,149.6626739501953,-2.3215768337249756,24.816362380981445,-29.88010025024414,77.32833099365234,95.44510650634766,32.90089416503906,-72.48424530029297,83.09419250488281,-17.14223289489746,2.869142770767212,2.6068923473358154,-37.1051139831543,-50.440284729003906,-58.76081848144531,28.597938537597656,-40.58626937866211,15.570847511291504,-11.452583312988281,-135.1437530517578,54.00541305541992,8.382305145263672,-32.48265838623047,22.54545783996582,6.470627784729004,49.16598129272461,-107.67818450927734,100.08245849609375,106.33599853515625,-51.22624969482422,-21.554035186767578,-45.62916946411133,-90.8364028930664,-72.80536651611328,-136.1785430908203,-90.17786407470703,-16.807218551635742,-16.140317916870117,-82.23442077636719,118.70621490478516,32.16432189941406,-72.87525177001953,-0.10867245495319366,-186.90756225585938,-34.67306900024414,-109.29804992675781,-153.14016723632812,-187.73899841308594,11.104601860046387,-43.63782501220703,-142.1283721923828,-181.45504760742188,-47.59203338623047,3.7006471157073975,26.07516098022461,-9.625201225280762,-55.50507354736328
AnomalyDetection/data/Fe15/DSC00546.JPG,-76.46754455566406,-72.09077453613281,3.090797185897827,-69.96443939208984,44.150657653808594,-59.006446838378906,-0.3895152509212494,-46.67477798461914,-86.02147674560547,112.40729522705078,-162.51864624023438,14.97801685333252,-120.33226013183594,-25.016006469726562,93.40557861328125,20.78719139099121,-81.770263671875,26.80150032043457,47.1855583190918,-28.746417999267578,29.06610107421875,8.689091682434082,-22.12789535522461,-39.67312240600586,51.79190444946289,-139.20652770996094,62.64930725097656,47.61908721923828,66.01021575927734,10.122350692749023,64.98158264160156,-31.50042724609375,-46.242618560791016,85.78596496582031,-12.581448554992676,1.524391770362854,-99.25334930419922,62.61993408203125,107.48938751220703,138.82508850097656,1.510598063468933,-9.658419609069824,-79.4437026977539,121.7537612915039,-92.68637084960938,27.70281410217285,44.70569610595703,-47.89970016479492,20.327699661254883,53.44643020629883,-65.40744018554688,-80.52103424072266,-98.9886474609375,85.88164520263672,112.356689453125,6.031331539154053,-97.02754974365234,16.828369140625,-29.43578338623047,-15.052117347717285,54.47800827026367,-14.346969604492188,44.55781173706055,-50.54487991333008,-3.852168560028076,-60.18230438232422,43.28519821166992,6.225615978240967,82.55490112304688,-114.85690307617188,22.493759155273438,145.41650390625,0.07872996479272842,19.9168701171875,-29.41935920715332,75.40249633789062,94.42113494873047,30.273269653320312,-72.07720184326172,79.49088287353516,-14.773436546325684,5.97485876083374,3.6286380290985107,-35.847381591796875,-52.35071563720703,-58.15092086791992,27.30517578125,-38.53302001953125,14.896212577819824,-10.335573196411133,-128.671630859375,52.670169830322266,12.293962478637695,-29.3475284576416,23.046350479125977,8.68732738494873,47.045387268066406,-103.49751281738281,93.49710083007812,100.940185546875,-48.94993591308594,-15.179622650146484,-44.22292709350586,-87.06702423095703,-70.91485595703125,-123.96016693115234,-85.795166015625,-14.75898551940918,-14.91627311706543,-82.75067901611328,114.16075897216797,31.6165714263916,-73.00259399414062,-2.697169303894043,-178.5960235595703,-33.87578201293945,-107.37408447265625,-145.72621154785156,-177.90101623535156,13.230697631835938,-45.462127685546875,-137.43336486816406,-174.79171752929688,-45.54914093017578,3.4082796573638916,29.025930404663086,-10.913580894470215,-53.122623443603516
AnomalyDetection/data/Fe15/DSC00548.JPG,-54.83505630493164,-24.451114654541016,20.6679744720459,-114.85917663574219,42.93197250366211,61.051368713378906,4.934374809265137,-21.39749526977539,-106.07679748535156,104.02283477783203,-79.76741790771484,-48.2169075012207,-109.89759826660156,-85.62066650390625,105.56871795654297,60.6682014465332,-69.78431701660156,-14.951668739318848,67.15583038330078,-99.896240234375,-3.7606201171875,31.427776336669922,4.211887359619141,24.0455265045166,104.6030044555664,-70.06660461425781,54.202857971191406,-16.73752784729004,73.5049057006836,-30.402542114257812,77.87604522705078,3.576185703277588,-12.437776565551758,123.79390716552734,63.59923553466797,-35.1226806640625,-120.55567169189453,54.106964111328125,85.73706817626953,96.72454833984375,-46.67421340942383,41.37274932861328,-40.112205505371094,124.24107360839844,-66.81995391845703,63.38005065917969,40.29375457763672,-89.06515502929688,49.33359909057617,113.87905883789062,-19.064374923706055,-28.716955184936523,-90.32115173339844,128.03372192382812,107.41033172607422,15.6432466506958,-99.06697845458984,-92.74717712402344,59.00127029418945,-4.466275691986084,-7.508110523223877,30.17996597290039,-46.676979064941406,-25.441017150878906,-61.3449821472168,-9.733975410461426,-7.411584377288818,18.053306579589844,27.208053588867188,-27.158859252929688,-72.2413558959961,108.8161392211914,54.33720016479492,-33.58793640136719,3.9858713150024414,92.46388244628906,88.24430084228516,-42.282901763916016,-78.95083618164062,30.32660675048828,-8.510007858276367,60.56027603149414,-19.887460708618164,-87.61139678955078,-100.3312759399414,-46.02817153930664,9.286023139953613,-13.542482376098633,36.156578063964844,19.81509017944336,-83.42898559570312,39.454833984375,43.812259674072266,-20.301101684570312,35.997100830078125,6.231748580932617,37.77397155761719,-92.10557556152344,47.18024444580078,86.38167572021484,-45.69272994995117,47.481895446777344,-73.47389221191406,-82.63700103759766,-115.12962341308594,73.25901794433594,-88.72718048095703,2.064282178878784,-35.14739990234375,-123.14188385009766,69.88214874267578,73.68883514404297,-71.50260925292969,-28.065580368041992,-156.74838256835938,-28.817291259765625,-104.79481506347656,-87.2678451538086,-163.2965850830078,68.52439880371094,-59.91020965576172,-101.76201629638672,-156.36001586914062,-72.66532135009766,65.9288558959961,36.22478485107422,-15.324546813964844,-21.51112937927246
AnomalyDetection/data/Fe15/DSC00552.JPG,-51.837520599365234,-23.93990135192871,17.12328338623047,-106.81378936767578,40.29203414916992,61.945499420166016,3.2912135124206543,-19.924175262451172,-105.52252960205078,105.44771575927734,-88.63480377197266,-35.70744705200195,-110.71785736083984,-84.43360900878906,105.14144134521484,52.131282806396484,-68.26309967041016,-7.839071750640869,62.6641731262207,-100.24969482421875,-17.036781311035156,32.47026443481445,5.691892623901367,29.4226131439209,105.07807159423828,-75.93082427978516,48.40985107421875,-13.205574035644531,77.07587432861328,-28.733402252197266,77.08353424072266,13.964344024658203,-15.320955276489258,123.61324310302734,56.81379318237305,-27.622854232788086,-120.30024719238281,44.51997375488281,84.1253662109375,97.68621063232422,-49.30385971069336,38.29364776611328,-44.995826721191406,120.43404388427734,-70.1267318725586,61.201263427734375,40.65564727783203,-82.31510925292969,46.349544525146484,111.1210708618164,-16.98688316345215,-22.54599380493164,-86.01133728027344,126.8141860961914,104.84114837646484,10.27722454071045,-95.91637420654297,-83.57646942138672,52.51093673706055,-0.8227989077568054,-1.8483726978302002,32.174049377441406,-45.324974060058594,-28.60332679748535,-53.178646087646484,-12.101420402526855,-7.137933731079102,17.028043746948242,28.2930850982666,-21.326305389404297,-65.33937072753906,110.52163696289062,59.193817138671875,-26.785606384277344,2.556593418121338,92.86611938476562,91.06945037841797,-37.6359977722168,-71.9499740600586,30.444711685180664,1.4271482229232788,62.00285720825195,-19.48358154296875,-83.1214370727539,-92.99730682373047,-47.31776428222656,11.040345191955566,-4.216866970062256,30.017309188842773,15.20682144165039,-78.5396728515625,36.337242126464844,42.254825592041016,-28.320207595825195,27.629438400268555,5.520749568939209,28.126550674438477,-91.3265151977539,42.06279754638672,77.10264587402344,-47.62556838989258,49.38671875,-72.39856719970703,-78.62333679199219,-121.1456298828125,66.97511291503906,-85.58161163330078,-0.2700818181037903,-41.06000518798828,-116.32343292236328,69.36729431152344,74.49647521972656,-69.19511413574219,-20.061622619628906,-156.70082092285156,-25.074832916259766,-97.53785705566406,-91.00101470947266,-163.81666564941406,62.36727523803711,-56.43865966796875,-101.16239929199219,-150.73983764648438,-74.65666198730469,65.55797576904297,40.168983459472656,-6.81040096282959,-22.235780715942383
AnomalyDetection/data/Fe20/DSC00557.JPG,-60.72518539428711,-49.82297897338867,20.637664794921875,-87.33405303955078,36.54672622680664,19.258758544921875,-5.914849758148193,-20.546443939208984,-80.31166076660156,92.55741882324219,-110.4464340209961,3.123317241668701,-118.09852600097656,-66.13131713867188,100.36902618408203,38.123207092285156,-67.19764709472656,-6.2543840408325195,58.8295783996582,-88.29536437988281,-15.548871040344238,12.204215049743652,-9.10588264465332,7.831756591796875,90.2897720336914,-82.67385864257812,42.93688201904297,-1.384597659111023,49.920936584472656,-16.109580993652344,71.6899185180664,0.7413397431373596,-26.268280029296875,99.89262390136719,21.171348571777344,-15.924056053161621,-110.12987518310547,22.428464889526367,95.28236389160156,95.60334777832031,-10.67568302154541,14.703633308410645,-39.29948425292969,125.17044830322266,-61.363922119140625,57.310997009277344,56.13407516479492,-74.52909851074219,31.43712043762207,87.53842163085938,-36.60025405883789,-37.05644226074219,-75.18343353271484,109.39645385742188,109.07196044921875,-3.807568311691284,-93.87701416015625,-33.30213165283203,21.433637619018555,3.1907670497894287,5.11095666885376,28.5091609954834,-13.827173233032227,-32.90186309814453,-25.096771240234375,-17.005340576171875,24.03491973876953,-5.528610706329346,43.1939811706543,-34.0194091796875,-30.48763084411621,124.01306915283203,26.885379791259766,-1.853594422340393,-20.37269401550293,67.12468719482422,96.2396011352539,-7.594096660614014,-64.2496337890625,55.33403015136719,7.21198034286499,42.17714309692383,-22.033395767211914,-47.039405822753906,-80.92325592041016,-54.75567626953125,31.440866470336914,-31.945234298706055,26.74306297302246,-2.7494773864746094,-84.15388488769531,29.69618797302246,41.215492248535156,-16.89588737487793,28.129350662231445,11.803573608398438,30.032455444335938,-79.46949768066406,54.71168899536133,76.47921752929688,-37.863128662109375,37.998512268066406,-49.121253967285156,-68.31360626220703,-90.70352172851562,-1.6071215867996216,-74.31283569335938,6.610626220703125,-16.150026321411133,-99.33429718017578,90.38919067382812,39.5649528503418,-78.12620544433594,-22.621801376342773,-138.20423889160156,-25.07839584350586,-100.91764831542969,-104.54327392578125,-132.9569091796875,38.8839225769043,-55.35665512084961,-110.38763427734375,-139.69883728027344,-50.24822998046875,45.5029182434082,45.69647216796875,5.013838768005371,-43.67427444458008
AnomalyDetection/data/Fe20/DSC00558.JPG,-50.558712005615234,-63.26552200317383,-0.02313486859202385,-40.42354965209961,29.06850242614746,-18.82115364074707,-2.593883991241455,-29.43661117553711,-74.15777587890625,101.35706329345703,-160.67266845703125,58.52655029296875,-116.96200561523438,-37.676734924316406,91.11223602294922,0.15637005865573883,-67.96528625488281,34.76514434814453,32.94939041137695,-53.06789779663086,-40.614288330078125,19.683639526367188,-5.261842250823975,9.100900650024414,63.46017837524414,-133.7350616455078,35.622371673583984,36.582801818847656,70.28064727783203,5.3573503494262695,59.79246139526367,28.373228073120117,-47.09097671508789,78.08077239990234,-25.35163116455078,28.467805862426758,-94.95267486572266,16.121042251586914,90.43426513671875,117.3006820678711,-3.280926465988159,-9.353658676147461,-70.90069580078125,95.18434143066406,-86.5833511352539,27.454774856567383,48.532379150390625,-26.046443939208984,17.585004806518555,52.43278121948242,-41.699588775634766,-32.88067626953125,-66.7114028930664,84.87682342529297,94.28927612304688,-13.026117324829102,-76.37971496582031,32.18254089355469,-33.72712707519531,2.062244415283203,54.74436950683594,6.595932483673096,20.3560791015625,-51.89110565185547,16.582683563232422,-42.31138229370117,35.17362594604492,9.550841331481934,66.1219482421875,-55.236392974853516,23.99995994567871,129.84848022460938,32.121795654296875,34.8710823059082,-29.714574813842773,64.940185546875,100.1083755493164,26.87187957763672,-37.24105453491211,64.78041076660156,28.748340606689453,28.87044906616211,-9.743715286254883,-13.193694114685059,-31.79579734802246,-60.00535583496094,31.8353214263916,2.453786849975586,-12.214803695678711,-28.69163703918457,-87.35452270507812,34.3852653503418,19.174524307250977,-51.45402526855469,-13.941265106201172,2.4496877193450928,-0.49080583453178406,-85.53783416748047,57.25605773925781,50.72468185424805,-48.734378814697266,12.190658569335938,-42.411861419677734,-58.16057205200195,-88.3330307006836,-89.732666015625,-63.73100662231445,-23.61436653137207,-30.125125885009766,-61.043556213378906,98.95796203613281,30.516096115112305,-58.26298904418945,26.37735939025879,-145.510986328125,-16.677845001220703,-66.6312255859375,-127.26069641113281,-144.8576202392578,-5.611461639404297,-33.4786376953125,-116.00652313232422,-129.11553955078125,-51.26686096191406,17.729026794433594,51.9880256652832,28.670364379882812,-51.189247131347656
AnomalyDetection/data/Fe20/DSC00559.JPG,-54.76200485229492,-66.428955078125,1.217586874961853,-36.734134674072266,25.16326332092285,-32.40667724609375,2.857374429702759,-33.35780715942383,-69.8924789428711,99.9520263671875,-160.2606964111328,53.61843490600586,-110.89923095703125,-30.290935516357422,85.83128356933594,3.2006540298461914,-70.5742416381836,31.393802642822266,31.11019515991211,-38.89534378051758,-25.774396896362305,18.69744873046875,-6.3308868408203125,-4.319879531860352,52.924163818359375,-136.29299926757812,42.1021728515625,40.17212677001953,64.50811004638672,6.643924713134766,57.84389877319336,18.107128143310547,-43.062965393066406,68.6295394897461,-25.134801864624023,27.38408851623535,-88.36346435546875,28.564298629760742,90.10305786132812,119.989013671875,3.461470365524292,-10.858449935913086,-67.98870849609375,92.17805480957031,-85.89751434326172,22.77676773071289,46.4794807434082,-23.254230499267578,16.926748275756836,43.52210998535156,-48.749969482421875,-43.91273880004883,-70.55831146240234,79.7679443359375,91.98848724365234,-5.7521843910217285,-76.58560943603516,36.05400466918945,-40.760311126708984,-4.829518795013428,57.43843460083008,-3.3803610801696777,26.86417579650879,-47.38805389404297,16.758516311645508,-43.58138656616211,40.83953094482422,15.450149536132812,70.80445861816406,-70.43921661376953,29.389039993286133,127.89218139648438,21.05638313293457,34.45402908325195,-32.37443923950195,59.87169647216797,94.3511734008789,31.606365203857422,-40.127017974853516,68.92996215820312,17.52431869506836,21.32411003112793,-4.425461292266846,-9.405814170837402,-30.00482749938965,-59.96070861816406,30.132287979125977,-3.838547706604004,-11.311606407165527,-29.763134002685547,-95.17296600341797,38.606143951416016,16.53052520751953,-43.35894012451172,-13.48005199432373,4.127162456512451,2.849216938018799,-84.98338317871094,65.48316955566406,59.556312561035156,-48.46665573120117,3.337419271469116,-39.384090423583984,-57.54229736328125,-74.77668762207031,-104.60313415527344,-65.17262268066406,-25.59405517578125,-22.934484481811523,-59.6101188659668,103.85789489746094,24.049230575561523,-56.13492965698242,25.808256149291992,-142.9432830810547,-20.408065795898438,-68.16015625,-130.4076385498047,-141.82550048828125,-9.650899887084961,-33.12371826171875,-116.77932739257812,-131.19277954101562,-45.78932189941406,9.643233299255371,46.39161682128906,20.615558624267578,-54.79402542114258
AnomalyDetection/data/Fe20/DSC00561.JPG,-46.54036331176758,-56.22615432739258,2.2574501037597656,-42.228214263916016,29.684049606323242,-6.53140115737915,-8.492745399475098,-22.219268798828125,-71.0813217163086,93.8426284790039,-150.27195739746094,57.116546630859375,-114.57621765136719,-40.71160125732422,90.20741271972656,-0.8389769792556763,-60.28094482421875,31.141054153442383,35.21806716918945,-62.444480895996094,-49.22607421875,15.359134674072266,-4.9114298820495605,16.58795928955078,67.38623046875,-117.25300598144531,27.989662170410156,27.029865264892578,63.46849822998047,0.7893757224082947,58.37681579589844,30.528400421142578,-45.002525329589844,80.47103118896484,-22.820404052734375,24.76065444946289,-95.41838073730469,0.7778018116950989,86.65778350830078,104.21610260009766,-7.912148475646973,-6.94357442855835,-64.6422119140625,95.60580444335938,-77.93653869628906,31.280298233032227,50.367706298828125,-29.668254852294922,16.59091567993164,55.64966583251953,-34.787410736083984,-24.32039451599121,-59.476383209228516,86.49573516845703,92.30690002441406,-17.463916778564453,-75.18610382080078,25.819589614868164,-23.81708526611328,8.914749145507812,43.25912094116211,16.655296325683594,11.847761154174805,-47.9542236328125,14.839670181274414,-35.62858200073242,31.185848236083984,0.08648766577243805,57.0900764465332,-37.42439270019531,15.185932159423828,126.12081909179688,35.08230972290039,29.71486473083496,-29.024972915649414,62.47191619873047,99.25557708740234,21.75198745727539,-33.99593734741211,58.96037673950195,36.01453399658203,32.67983627319336,-14.767928123474121,-16.10886573791504,-34.06275177001953,-56.49045181274414,32.321231842041016,1.6445302963256836,-10.318535804748535,-24.711484909057617,-75.98017883300781,26.97447395324707,22.789897918701172,-49.222862243652344,-9.108969688415527,3.7112905979156494,-1.940255880355835,-78.83970642089844,45.3190803527832,41.543182373046875,-42.90379333496094,21.71341323852539,-39.15800857543945,-52.196678161621094,-92.04405212402344,-69.91759490966797,-56.759605407714844,-15.846511840820312,-31.873804092407227,-61.59483337402344,90.21794128417969,30.794811248779297,-59.99775695800781,20.004907608032227,-135.89891052246094,-12.750426292419434,-65.01444244384766,-116.5031967163086,-135.1510772705078,-0.7878932356834412,-32.98747253417969,-108.79222106933594,-118.81526947021484,-49.17251205444336,22.836030960083008,53.66582489013672,31.633607864379883,-47.5607795715332
AnomalyDetection/data/Fe20/DSC00562.JPG,-63.287593841552734,-37.85197067260742,20.869033813476562,-71.71627044677734,30.255569458007812,31.269733428955078,-12.55196475982666,-18.47829818725586,-92.45426177978516,95.10555267333984,-128.27212524414062,14.212867736816406,-115.45787811279297,-50.239349365234375,111.30473327636719,18.774063110351562,-65.44316864013672,5.0683913230896,60.55648422241211,-72.537109375,-40.85253143310547,10.642964363098145,-2.3468570709228516,10.689987182617188,87.96585083007812,-89.8180923461914,39.0500373840332,-6.701444149017334,53.077392578125,-27.460880279541016,76.99853515625,18.425209045410156,-28.007408142089844,105.7962646484375,17.46316146850586,0.2614908814430237,-115.8542251586914,0.18558438122272491,94.4959945678711,95.35736846923828,-22.54901123046875,17.629812240600586,-44.17925262451172,122.74872589111328,-66.38448333740234,54.87964630126953,60.837554931640625,-57.67046356201172,29.187145233154297,72.1866226196289,-30.986270904541016,-29.873245239257812,-80.80963897705078,120.61207580566406,113.10005187988281,-5.608892917633057,-98.61605072021484,-27.477548599243164,19.700281143188477,7.28173303604126,10.18624496459961,30.783615112304688,-17.90635108947754,-31.561279296875,-13.385621070861816,-13.907560348510742,28.88999366760254,-9.816027641296387,39.9296760559082,-25.910842895507812,-33.93484878540039,134.13742065429688,37.36015701293945,-7.16511869430542,-27.123146057128906,77.93763732910156,107.35071563720703,4.9103779792785645,-60.10594940185547,51.64120864868164,27.218183517456055,48.53617477416992,-4.060365200042725,-42.27043151855469,-67.49717712402344,-58.715492248535156,27.03697395324707,-8.251023292541504,8.270590782165527,-4.794886589050293,-76.670654296875,32.76052474975586,47.13246536254883,-26.628768920898438,15.188044548034668,21.138851165771484,11.786802291870117,-81.2623291015625,32.69173049926758,54.27925109863281,-39.7504997253418,52.71588134765625,-47.09164047241211,-58.509429931640625,-99.70709228515625,-8.647626876831055,-59.63029479980469,0.11431188136339188,-30.910079956054688,-94.2005844116211,87.34573364257812,45.63031768798828,-81.85258483886719,-12.863919258117676,-142.00180053710938,-17.901966094970703,-94.34907531738281,-112.25788116455078,-137.49607849121094,31.328100204467773,-55.44449996948242,-113.63893127441406,-134.7813720703125,-51.6883544921875,28.757593154907227,61.25885009765625,6.27586030960083,-40.2056770324707
AnomalyDetection/data/Fe20/DSC00564.JPG,-29.65945816040039,-24.128278732299805,-2.85725474357605,-7.65919828414917,15.039326667785645,31.6574764251709,-31.18963623046875,0.8891433477401733,-74.79268646240234,77.48479461669922,-160.53890991210938,90.4118881225586,-96.19618225097656,-26.766008377075195,88.52632904052734,-39.57955551147461,-35.34795379638672,51.67981719970703,28.05980682373047,-54.255741119384766,-117.84695434570312,8.332884788513184,6.151803016662598,47.906368255615234,64.00384521484375,-101.88481903076172,-4.043069362640381,14.370563507080078,59.843788146972656,-11.555676460266113,51.85542678833008,73.30783081054688,-43.4838752746582,81.98697662353516,-34.01479721069336,53.61901092529297,-93.03112030029297,-73.23604583740234,63.69833755493164,73.74835968017578,-40.079471588134766,-3.1618845462799072,-70.28047180175781,74.16651153564453,-73.2046890258789,24.36456871032715,53.746337890625,0.5774558186531067,4.056454658508301,32.1023063659668,-5.824019908905029,17.88405990600586,-38.734649658203125,94.13732147216797,79.28919982910156,-38.51670455932617,-63.90401840209961,39.28476333618164,-23.437986373901367,31.563739776611328,40.78767013549805,42.98320388793945,-4.327602863311768,-39.21512985229492,41.21159744262695,-25.357473373413086,21.93204116821289,-17.782367706298828,29.957292556762695,21.031192779541016,9.418971061706543,124.98148345947266,60.284095764160156,26.94873046875,-36.8128547668457,65.01920318603516,106.49805450439453,32.0280647277832,-3.3475747108459473,37.48518371582031,91.31231689453125,46.47597122192383,-2.8089208602905273,-9.354971885681152,2.388190984725952,-49.96039581298828,27.26856803894043,47.781959533691406,-40.07695770263672,-29.13957405090332,-30.354589462280273,7.783853054046631,27.86398696899414,-74.41297912597656,-31.704694747924805,9.70488452911377,-44.852630615234375,-64.00177764892578,-17.16950035095215,-25.041481018066406,-33.02631378173828,55.78834915161133,-28.08013343811035,-15.713604927062988,-120.87032318115234,-50.03019714355469,-17.709882736206055,-13.285516738891602,-64.40872192382812,-37.066993713378906,58.901451110839844,39.42365264892578,-55.716976165771484,38.94423294067383,-117.23714447021484,12.786011695861816,-30.208742141723633,-108.08314514160156,-118.58165740966797,-15.28003215789795,-20.34518051147461,-90.42797088623047,-74.28947448730469,-49.01191711425781,16.23341941833496,74.36019134521484,55.05176544189453,-35.52383041381836
AnomalyDetection/data/Fe20/DSC00570.JPG,-51.07555389404297,-4.474421977996826,-3.08237624168396,-6.200122356414795,15.026508331298828,30.962055206298828,-37.199867248535156,-10.104384422302246,-110.25888061523438,92.70712280273438,-184.7086944580078,67.76667785644531,-89.22560119628906,6.2271409034729,106.54695129394531,-50.395538330078125,-43.5938720703125,65.54460144042969,40.651180267333984,-10.291375160217285,-105.57432556152344,2.4271912574768066,10.648126602172852,21.16343116760254,54.987762451171875,-116.49451446533203,10.66385269165039,12.436310768127441,70.4632339477539,-26.221725463867188,63.721099853515625,59.94560241699219,-42.78105545043945,102.42569732666016,-20.549968719482422,58.611961364746094,-107.59610748291016,-66.79100799560547,70.51795196533203,89.59203338623047,-64.96965026855469,9.466329574584961,-88.05807495117188,85.00394439697266,-89.85614776611328,20.836423873901367,52.43986892700195,13.832016944885254,4.030552864074707,12.578027725219727,-10.527813911437988,-3.134645700454712,-75.12735748291016,112.91841888427734,96.91348266601562,-21.829343795776367,-86.77620697021484,26.9885311126709,-14.355016708374023,22.02556610107422,48.88819122314453,30.516096115112305,0.9533553123474121,-34.89052963256836,40.953147888183594,-37.986820220947266,26.921371459960938,-19.05891227722168,33.702510833740234,-9.850848197937012,-5.237460136413574,146.30975341796875,60.38216018676758,4.147913932800293,-39.873802185058594,94.09243774414062,114.08534240722656,48.08854293823242,-21.923986434936523,38.86411666870117,85.46591186523438,44.81034469604492,33.98996353149414,-27.880212783813477,8.10632610321045,-52.00743103027344,11.556623458862305,61.17655563354492,-53.07658386230469,-14.224115371704102,-49.05369567871094,27.19803237915039,31.084041595458984,-78.76116943359375,-26.13121223449707,27.523483276367188,-39.23565673828125,-83.17735290527344,-26.57114028930664,-25.664594650268555,-40.99467849731445,57.311832427978516,-30.809232711791992,-21.544126510620117,-127.60975646972656,-69.91281127929688,-13.44320297241211,-23.238567352294922,-83.55500030517578,-48.74736785888672,59.49205017089844,58.29389572143555,-68.64564514160156,33.86176681518555,-156.79786682128906,9.491438865661621,-47.98009490966797,-130.8560791015625,-160.62184143066406,-8.98271656036377,-27.942964553833008,-108.88812255859375,-103.36675262451172,-55.04255676269531,-17.53391456604004,79.4411849975586,23.740182876586914,-27.092912673950195
AnomalyDetection/data/Fe20/DSC00571.JPG,-23.099777221679688,5.126571178436279,15.820060729980469,-59.8272819519043,19.474977493286133,106.37116241455078,-16.525062561035156,12.320507049560547,-89.42118072509766,67.831787109375,-78.75826263427734,8.451210975646973,-86.59823608398438,-71.81086730957031,94.43998718261719,13.509286880493164,-34.199893951416016,5.1684441566467285,52.036949157714844,-100.67823791503906,-93.54762268066406,25.157798767089844,19.383554458618164,71.02197265625,98.64674377441406,-39.74102783203125,6.793622016906738,-37.468536376953125,57.0361442565918,-42.48833465576172,63.69132614135742,66.85542297363281,-9.012105941772461,106.24373626708984,37.536956787109375,3.0882325172424316,-106.55329132080078,-42.22696304321289,53.34219741821289,46.33488082885742,-65.70416259765625,39.16690444946289,-30.688058853149414,85.41873931884766,-47.381202697753906,54.49162673950195,46.487552642822266,-50.7410774230957,31.356950759887695,81.9172592163086,18.9760684967041,33.40433883666992,-44.885841369628906,120.88031768798828,78.10714721679688,-15.169063568115234,-73.00071716308594,-60.107940673828125,54.21255874633789,27.715497970581055,-16.243051528930664,62.12675094604492,-67.93037414550781,-12.593029022216797,-22.350933074951172,11.469229698181152,-14.566444396972656,-3.0442395210266113,-8.946568489074707,57.65140151977539,-67.44546508789062,90.53369140625,81.80404663085938,-22.47946548461914,-5.620471000671387,74.9937973022461,91.78351593017578,-27.88604736328125,-29.575559616088867,5.396470546722412,62.24763870239258,80.4033432006836,-22.480133056640625,-58.253753662109375,-53.060272216796875,-38.1932258605957,11.877758979797363,38.517459869384766,-5.507399559020996,6.747279644012451,-15.661977767944336,6.701314449310303,51.481624603271484,-47.76490783691406,-0.25251874327659607,8.53346061706543,-26.12353515625,-57.75421142578125,-30.31009292602539,-5.05175256729126,-27.793163299560547,88.58361053466797,-51.35271072387695,-25.849241256713867,-131.04212951660156,99.00919342041016,-34.702186584472656,2.5187103748321533,-59.580936431884766,-81.43801879882812,33.93655776977539,69.96220397949219,-58.88641357421875,1.7676998376846313,-102.9561767578125,4.773270606994629,-49.53373718261719,-60.60129165649414,-110.039794921875,39.94038009643555,-39.839820861816406,-65.90853118896484,-77.68429565429688,-59.84772491455078,63.605751037597656,66.5087661743164,27.03424644470215,-12.392086029052734
AnomalyDetection/data/Fe20/DSC00573.JPG,-66.60419464111328,-42.51968002319336,5.434417247772217,-50.79698181152344,31.65913963317871,-17.388790130615234,-7.208859920501709,-36.85763931274414,-98.2724380493164,102.80277252197266,-154.1683807373047,18.69012451171875,-103.17023468017578,-12.484723091125488,100.31330871582031,2.1571083068847656,-71.46736145019531,33.54076385498047,48.2048225402832,-18.546815872192383,-11.222984313964844,10.68338394165039,-5.477869510650635,-19.037715911865234,54.87284469604492,-124.70223236083984,50.680999755859375,27.810510635375977,69.07646942138672,-8.887920379638672,65.38208770751953,0.4863027036190033,-39.95935821533203,91.39148712158203,-2.5633597373962402,17.633012771606445,-100.86702728271484,28.783475875854492,92.35643768310547,117.89451599121094,-20.330625534057617,5.277968883514404,-73.8543701171875,105.43148040771484,-87.85535430908203,27.394397735595703,44.16337585449219,-28.073505401611328,19.661935806274414,39.77904510498047,-44.1212272644043,-53.4037971496582,-94.68317413330078,96.56741333007812,105.74127197265625,5.421985149383545,-91.91017150878906,5.526019096374512,-13.092506408691406,-7.561920166015625,47.517906188964844,-1.7080320119857788,20.154098510742188,-42.190162658691406,2.4093222618103027,-46.14772415161133,34.95808410644531,4.7076849937438965,60.8390007019043,-79.22664642333984,0.399974524974823,136.11888122558594,22.485734939575195,5.468331813812256,-25.740297317504883,83.55730438232422,96.85641479492188,30.518138885498047,-59.95037078857422,59.97371292114258,11.300406455993652,23.782264709472656,18.304563522338867,-35.3509521484375,-37.688438415527344,-55.06346893310547,15.949681282043457,-1.0770211219787598,-8.532065391540527,-5.2972798347473145,-100.60565185546875,47.7147102355957,23.007389068603516,-41.90256881713867,6.607044219970703,16.65855598449707,18.1475887298584,-94.91307830810547,52.093894958496094,59.75922775268555,-47.12357711791992,12.487462997436523,-42.95344543457031,-65.93566131591797,-82.4343490600586,-85.76400756835938,-60.24393081665039,-21.433368682861328,-35.13103485107422,-75.04194641113281,91.7118148803711,44.00092315673828,-67.78910827636719,6.287362575531006,-166.20217895507812,-21.08815574645996,-87.04676818847656,-130.18948364257812,-165.40159606933594,12.428723335266113,-42.89227294921875,-122.17854309082031,-150.69857788085938,-49.68339538574219,-6.319324493408203,45.812198638916016,-6.9068498611450195,-37.74575424194336
AnomalyDetection/data/Fe25/DSC00590.JPG,-54.28261184692383,-39.42795944213867,11.59903621673584,-75.68941497802734,34.03022003173828,14.917051315307617,-10.16154956817627,-21.51329803466797,-85.81519317626953,94.5184097290039,-116.90837860107422,9.767716407775879,-108.5926513671875,-52.21675491333008,95.62747192382812,21.320219039916992,-64.66864013671875,12.203566551208496,49.67142868041992,-69.54869842529297,-25.41053009033203,12.757987976074219,-8.464767456054688,5.8657121658325195,84.24039459228516,-92.73684692382812,36.25969314575195,10.469475746154785,62.23609161376953,-12.502021789550781,67.82678985595703,8.426126480102539,-32.45028305053711,100.02462005615234,16.569091796875,-7.122434139251709,-101.38481140136719,14.282186508178711,85.99575805664062,98.51969909667969,-23.12593650817871,9.390966415405273,-53.28025436401367,114.6588363647461,-67.82349395751953,47.247833251953125,47.45298385620117,-59.40962219238281,23.1317081451416,73.71990203857422,-33.53585433959961,-31.970251083374023,-72.70613861083984,101.9046401977539,100.0968017578125,-8.153254508972168,-82.7471923828125,-28.259252548217773,12.777578353881836,5.923513889312744,19.43457794189453,27.85778045654297,-5.782034397125244,-40.350345611572266,-15.379152297973633,-24.8922061920166,20.423303604125977,-8.36005973815918,42.0699348449707,-34.69166946411133,-18.502696990966797,120.48239135742188,31.495651245117188,4.27940559387207,-17.815608978271484,76.35621643066406,93.26986694335938,1.1764445304870605,-57.15050506591797,46.492374420166016,16.79505157470703,38.929195404052734,-2.8456809520721436,-47.51271057128906,-64.32157135009766,-49.992095947265625,26.922332763671875,-12.102031707763672,21.225725173950195,-1.0580416917800903,-75.6584243774414,29.92538070678711,33.03913116455078,-31.578481674194336,20.688425064086914,9.582959175109863,22.667726516723633,-78.6648941040039,46.33359909057617,65.84429168701172,-43.057350158691406,34.855018615722656,-47.48170471191406,-68.7071533203125,-98.59062194824219,-14.67850399017334,-68.36292266845703,4.282279968261719,-30.89143180847168,-82.42510223388672,80.72356414794922,48.57084655761719,-69.22834777832031,-14.598305702209473,-141.3816375732422,-14.92743968963623,-89.84613037109375,-107.13990783691406,-139.6627960205078,34.34469985961914,-47.731849670410156,-104.67033386230469,-131.4315948486328,-54.2928466796875,33.304664611816406,43.358272552490234,7.67866849899292,-32.89849853515625
AnomalyDetection/data/Fe25/DSC00591.JPG,-64.32569885253906,-66.91580200195312,-0.49206510186195374,-54.6251335144043,40.56487274169922,-57.32120895385742,-7.859346389770508,-39.14643478393555,-76.75109100341797,99.93050384521484,-156.1218719482422,31.195043563842773,-114.06568145751953,-14.448433876037598,88.95494842529297,7.378724575042725,-75.5406723022461,35.569026947021484,40.66056442260742,-21.615324020385742,11.41427230834961,3.9918532371520996,-23.062911987304688,-32.74298095703125,46.239402770996094,-133.5506591796875,52.37923812866211,49.21759033203125,63.55119705200195,12.453481674194336,57.86098861694336,-19.687931060791016,-52.27653503417969,74.21416473388672,-23.58382797241211,10.699627876281738,-88.04704284667969,39.83120346069336,99.1004409790039,126.66352844238281,4.314122676849365,-17.056692123413086,-79.04562377929688,108.53485870361328,-86.79718017578125,21.27231216430664,42.02216720581055,-36.46308898925781,10.828761100769043,36.593017578125,-59.237823486328125,-65.44329833984375,-84.82169342041016,74.88367462158203,100.25881958007812,-4.156463146209717,-80.36856079101562,28.081418991088867,-36.521305084228516,-6.406820774078369,58.92448043823242,-6.7961273193359375,47.235103607177734,-54.39796829223633,8.940600395202637,-56.73033142089844,42.78096389770508,-2.526078701019287,72.69168090820312,-96.63106536865234,32.07695770263672,134.43887329101562,0.6343830823898315,32.48111343383789,-30.309635162353516,69.56217956542969,91.12738037109375,37.30064392089844,-60.005741119384766,72.57676696777344,2.107822895050049,6.261110782623291,11.086756706237793,-22.026548385620117,-38.926700592041016,-54.276268005371094,29.590612411499023,-26.123018264770508,8.26546573638916,-13.861377716064453,-110.86425018310547,44.173892974853516,11.571210861206055,-37.01155471801758,17.659791946411133,5.61581563949585,35.92704772949219,-89.5621109008789,79.2953109741211,81.70014953613281,-46.28351974487305,-10.04172134399414,-34.38350296020508,-78.06049346923828,-66.38920593261719,-127.75635528564453,-71.98436737060547,-11.68979263305664,-15.074613571166992,-64.12244415283203,103.95903778076172,28.31179428100586,-65.58617401123047,1.8351517915725708,-159.08470153808594,-22.720190048217773,-90.91209411621094,-134.89915466308594,-156.7846221923828,6.30705451965332,-40.46436309814453,-125.5107192993164,-151.198974609375,-39.58034896850586,-2.363980531692505,32.965614318847656,0.8920173645019531,-47.4720344543457
AnomalyDetection/data/Fe25/DSC00592.JPG,-64.74272918701172,-66.2200927734375,1.4860575199127197,-58.478084564208984,41.106990814208984,-53.90807342529297,-6.9634857177734375,-39.08401870727539,-76.9148178100586,99.05814361572266,-150.60910034179688,26.817148208618164,-114.06675720214844,-17.05583381652832,89.46080017089844,11.070100784301758,-75.5212631225586,32.162445068359375,42.421688079833984,-25.236726760864258,14.079984664916992,3.8729701042175293,-23.01235580444336,-32.3050537109375,48.5589485168457,-129.35687255859375,53.0609016418457,46.411216735839844,62.350955963134766,11.195131301879883,58.473201751708984,-21.31130599975586,-50.8839225769043,75.68767547607422,-19.771499633789062,7.179548740386963,-88.84636688232422,41.62846374511719,99.23638153076172,124.81745910644531,4.446078300476074,-14.936995506286621,-75.99061584472656,110.1162109375,-84.54783630371094,23.629199981689453,42.033447265625,-40.126914978027344,12.355247497558594,40.358787536621094,-58.72612380981445,-65.28890228271484,-85.09693145751953,76.14617156982422,100.79457092285156,-3.049189567565918,-81.09669494628906,22.8677921295166,-31.740365982055664,-6.62076997756958,55.03290939331055,-5.345485210418701,44.3187255859375,-53.42578125,5.036443710327148,-54.596675872802734,41.4222412109375,-2.846439838409424,71.1609878540039,-95.2276382446289,27.68641471862793,132.5408477783203,0.5408490896224976,29.798076629638672,-28.479442596435547,69.29969024658203,90.27056884765625,33.802371978759766,-61.81454849243164,71.54605102539062,-0.24878177046775818,7.32307243347168,8.984143257141113,-24.325883865356445,-43.15583801269531,-53.887123107910156,29.67840003967285,-28.796384811401367,11.10116195678711,-11.60425090789795,-110.51318359375,43.817787170410156,12.939366340637207,-34.355918884277344,20.323631286621094,5.771335601806641,38.43727111816406,-89.09945678710938,80.04652404785156,83.80186462402344,-45.36465835571289,-8.9542236328125,-35.25537109375,-79.06856536865234,-65.89027404785156,-119.32872772216797,-73.0968246459961,-9.966958999633789,-13.412036895751953,-67.06360626220703,103.20089721679688,28.90392303466797,-66.33088684082031,-1.4969741106033325,-157.8118133544922,-23.505390167236328,-93.1367416381836,-132.1989288330078,-154.9739532470703,9.607053756713867,-42.063602447509766,-124.51678466796875,-152.06793212890625,-39.52796173095703,0.10340197384357452,32.40672302246094,-0.42998185753822327,-46.21510696411133
AnomalyDetection/data/Fe25/DSC00594.JPG,-47.6871452331543,-48.77646255493164,10.773685455322266,-74.8710708618164,31.206207275390625,15.045448303222656,-1.3683100938796997,-21.26446533203125,-74.63825225830078,92.56605529785156,-109.84317779541016,15.895600318908691,-109.71261596679688,-66.4837417602539,87.36094665527344,29.48568344116211,-64.64112854003906,6.148663520812988,43.363250732421875,-84.1224136352539,-26.269969940185547,20.40032958984375,-6.0413818359375,15.33917236328125,86.41835021972656,-93.03607177734375,34.495933532714844,12.671575546264648,61.99233627319336,-5.668913841247559,63.56420135498047,15.55520248413086,-29.492835998535156,92.0346908569336,14.548185348510742,-7.0445332527160645,-96.59579467773438,23.074846267700195,83.35845947265625,97.59222412109375,-14.332097053527832,8.15488338470459,-47.16889953613281,107.25651550292969,-66.38671112060547,47.567657470703125,46.17418670654297,-62.195274353027344,26.500089645385742,83.52377319335938,-33.132118225097656,-27.301054000854492,-62.29304504394531,94.794189453125,92.93358612060547,-8.67047119140625,-76.73758697509766,-23.3761043548584,8.293495178222656,3.9230587482452393,19.133527755737305,26.178186416625977,-8.313332557678223,-40.130828857421875,-16.770954132080078,-23.14803695678711,17.855899810791016,2.309135913848877,44.43472671508789,-30.576557159423828,-13.619450569152832,111.01597595214844,33.2191162109375,11.942691802978516,-14.291356086730957,64.97404479980469,88.33001708984375,-6.201517105102539,-50.20650863647461,48.68392562866211,12.00893783569336,40.48168182373047,-19.626495361328125,-41.557090759277344,-65.76817321777344,-50.637630462646484,29.943567276000977,-15.422873497009277,22.125131607055664,-8.522734642028809,-74.32489013671875,25.70176887512207,30.171268463134766,-30.456388473510742,12.869669914245605,2.2376163005828857,18.343399047851562,-75.76136016845703,55.37348175048828,68.6213150024414,-43.47028732299805,29.551025390625,-50.26762771606445,-66.4940414428711,-94.73849487304688,-7.3351521492004395,-73.41609954833984,0.13465948402881622,-24.497955322265625,-80.27246856689453,83.6902847290039,42.153350830078125,-61.840328216552734,-7.565993785858154,-132.1649627685547,-18.0234375,-82.1108169555664,-101.4867172241211,-129.53419494628906,30.03497314453125,-44.05785369873047,-99.1509017944336,-124.88455963134766,-55.589447021484375,47.15687942504883,40.170127868652344,16.821897506713867,-37.9299430847168
AnomalyDetection/data/Fe25/DSC00595.JPG,-56.76536178588867,-62.18520736694336,3.9241158962249756,-54.5755615234375,37.4266471862793,-42.3026123046875,-6.489640235900879,-32.80046844482422,-67.45794677734375,88.958740234375,-135.00259399414062,29.04877471923828,-108.12670135498047,-21.737051010131836,83.57543182373047,11.630908966064453,-68.44462585449219,26.054107666015625,39.87044143676758,-33.3238410949707,5.506645679473877,3.91768741607666,-20.3062744140625,-22.529693603515625,49.88337326049805,-114.4441909790039,45.95093536376953,38.09825134277344,55.0516471862793,8.817863464355469,54.4889030456543,-13.447715759277344,-46.51566696166992,69.28717803955078,-18.34423065185547,6.669772624969482,-83.2690200805664,32.32273483276367,91.85577392578125,110.40836334228516,6.707117080688477,-13.435090065002441,-65.03932189941406,101.92205047607422,-74.30299377441406,25.312299728393555,42.02027893066406,-39.36212158203125,12.731893539428711,41.5285530090332,-51.84574890136719,-53.78126525878906,-73.54280853271484,71.91361236572266,92.6977310180664,-5.865939617156982,-73.651123046875,20.138980865478516,-26.61884307861328,-2.8869307041168213,46.52824020385742,0.5554222464561462,35.25232696533203,-49.091190338134766,4.51214599609375,-44.87381362915039,37.56208038330078,-4.239542484283447,62.92996597290039,-77.58537292480469,22.95673942565918,120.42500305175781,3.7104194164276123,28.756431579589844,-26.588680267333984,60.48949432373047,85.05449676513672,28.212886810302734,-54.33819580078125,65.29075622558594,4.400673866271973,11.092723846435547,1.7070119380950928,-19.47995948791504,-43.088470458984375,-51.17597579956055,30.51826286315918,-26.420015335083008,10.30200481414795,-12.8018159866333,-97.0440444946289,36.9400749206543,15.346298217773438,-31.1146297454834,17.339885711669922,4.651371002197266,31.814481735229492,-78.50811004638672,70.99594116210938,73.84701538085938,-40.44649887084961,-2.6605076789855957,-32.4620475769043,-69.9526138305664,-62.01552963256836,-99.49726867675781,-66.27872467041016,-7.268681526184082,-10.444053649902344,-62.828216552734375,94.91434478759766,24.605899810791016,-61.72356033325195,-1.397236704826355,-138.37484741210938,-20.726858139038086,-83.98626708984375,-117.64044952392578,-134.6068572998047,8.83682632446289,-39.770240783691406,-112.56695556640625,-135.27508544921875,-35.894020080566406,5.881916522979736,33.6059684753418,5.604064464569092,-44.21504592895508
AnomalyDetection/data/Fe25/DSC00596.JPG,-52.23820877075195,-65.4847412109375,1.9224802255630493,-53.056129455566406,36.2725715637207,-45.29168701171875,-2.837277412414551,-32.684486389160156,-61.55734634399414,87.7264175415039,-131.09939575195312,32.51559066772461,-106.571044921875,-26.406312942504883,77.52589416503906,13.62778377532959,-67.732421875,25.796010971069336,34.60966110229492,-37.09579849243164,5.833388805389404,7.049253940582275,-19.864864349365234,-19.073410034179688,48.977718353271484,-115.26006317138672,44.374290466308594,42.08631134033203,56.2559700012207,13.431020736694336,50.84574508666992,-11.235282897949219,-46.22773361206055,63.976810455322266,-20.182659149169922,6.658398151397705,-78.12474822998047,36.36825942993164,88.2696762084961,110.27119445800781,9.912834167480469,-15.56224250793457,-64.13606262207031,96.47237396240234,-73.61994934082031,23.060100555419922,39.08831787109375,-38.69353485107422,12.141349792480469,43.52708053588867,-51.8045539855957,-51.318790435791016,-67.52861022949219,65.77373504638672,87.21349334716797,-6.814864635467529,-67.61885070800781,22.86038589477539,-30.61143684387207,-3.3076062202453613,48.54728317260742,-0.5232226252555847,36.291725158691406,-50.4859504699707,4.871315956115723,-45.681209564208984,35.36227798461914,0.3355973958969116,63.92573165893555,-76.42387390136719,28.423105239868164,114.12348937988281,3.5757758617401123,34.331398010253906,-24.583511352539062,55.802001953125,80.86420440673828,25.458858489990234,-49.98539352416992,64.22145080566406,2.4133148193359375,10.099198341369629,-3.446612596511841,-16.75499153137207,-41.49797821044922,-49.85281753540039,31.809223175048828,-26.86393928527832,11.492572784423828,-15.589599609375,-95.25054931640625,34.79499435424805,11.687749862670898,-31.819196701049805,13.798611640930176,-0.1462419331073761,30.279233932495117,-76.01753997802734,75.37544250488281,75.38691711425781,-41.15171432495117,-7.109466075897217,-33.06758499145508,-69.576904296875,-60.21867370605469,-98.38829040527344,-68.61671447753906,-8.46816635131836,-8.855432510375977,-58.61350631713867,94.78915405273438,22.56709861755371,-56.18223190307617,2.2356622219085693,-133.4950408935547,-19.89544105529785,-78.63003540039062,-114.6288833618164,-130.29969787597656,5.94361686706543,-36.20864486694336,-108.80061340332031,-130.6110382080078,-36.58548355102539,10.732185363769531,30.014257431030273,10.212395668029785,-44.82563018798828
AnomalyDetection/data/Fe25/DSC00598.JPG,-56.40883255004883,-59.951107025146484,4.288120746612549,-64.8945083618164,39.92401885986328,-36.7515869140625,-3.6063461303710938,-34.13863754272461,-71.88764953613281,92.0372314453125,-126.1689224243164,18.019947052001953,-107.7603988647461,-30.206449508666992,83.35197448730469,19.569894790649414,-69.6553726196289,23.04138946533203,41.223331451416016,-41.759395599365234,12.2616605758667,7.101426601409912,-19.4893856048584,-20.584400177001953,56.378604888916016,-111.26303100585938,47.20988082885742,37.48249816894531,60.35163116455078,8.958316802978516,55.10721969604492,-16.573131561279297,-44.631988525390625,75.42990112304688,-8.602932929992676,-1.4323850870132446,-85.1319580078125,40.77619552612305,90.7109603881836,111.8216552734375,1.5267006158828735,-8.579303741455078,-65.22567749023438,104.98810577392578,-74.96514892578125,28.707542419433594,38.57344436645508,-47.269691467285156,15.519325256347656,53.092037200927734,-50.561588287353516,-53.65437698364258,-74.86153411865234,74.454345703125,93.24160766601562,-3.5744683742523193,-74.24360656738281,6.699007987976074,-17.733821868896484,-4.02466344833374,42.25398635864258,2.981349468231201,30.21464729309082,-50.21565628051758,-4.903630256652832,-45.81853103637695,30.80902099609375,-1.8816267251968384,61.062686920166016,-77.30754852294922,15.90253734588623,116.54571533203125,6.452911853790283,24.88718605041504,-19.634754180908203,64.69674682617188,82.4745864868164,19.070453643798828,-57.96609115600586,61.692413330078125,-1.9285379648208618,13.652586936950684,-2.5361099243164062,-29.73301124572754,-51.08934020996094,-48.722591400146484,29.359891891479492,-29.324596405029297,18.291013717651367,-6.700198650360107,-98.0467529296875,36.760318756103516,14.384204864501953,-30.760778427124023,22.597158432006836,1.5782716274261475,37.9482536315918,-81.14463806152344,75.74080657958984,81.34371185302734,-42.216609954833984,-3.377687931060791,-38.3350830078125,-76.27147674560547,-67.75582885742188,-81.51331329345703,-73.27655792236328,-5.066831111907959,-12.801105499267578,-68.57576751708984,92.76567840576172,31.593904495239258,-61.02912139892578,-6.669552803039551,-143.85751342773438,-21.74291229248047,-87.9580078125,-115.10108947753906,-141.27005004882812,17.151670455932617,-41.001731872558594,-111.11753845214844,-141.19158935546875,-41.522762298583984,14.463506698608398,28.658550262451172,3.2086620330810547,-39.62314224243164
AnomalyDetection/data/Fe25/DSC00599.JPG,-55.34328079223633,-61.78206253051758,3.1651413440704346,-55.034393310546875,35.338504791259766,-36.509010314941406,-2.6778388023376465,-33.08168029785156,-68.3851318359375,91.84870147705078,-133.81471252441406,28.72283172607422,-107.50210571289062,-27.389537811279297,82.5184097290039,13.439541816711426,-69.03992462158203,24.809263229370117,37.83403778076172,-37.14917755126953,1.5926040410995483,8.971803665161133,-16.742952346801758,-17.454551696777344,53.033451080322266,-116.5474853515625,45.58546447753906,37.48919677734375,58.55345916748047,8.066713333129883,55.57249069213867,-7.270081520080566,-44.180809020996094,70.83150482177734,-14.817944526672363,7.459362030029297,-83.69373321533203,36.02604675292969,89.71436309814453,112.11831665039062,3.907592296600342,-10.65147590637207,-64.1441421508789,99.52906036376953,-75.81559753417969,26.09148597717285,40.74284362792969,-38.77775573730469,15.433878898620605,46.53075408935547,-49.964664459228516,-50.98909378051758,-72.60606384277344,73.66089630126953,90.97364044189453,-4.607344150543213,-73.0929946899414,16.52492904663086,-25.5976619720459,-4.133643627166748,46.840999603271484,0.20504146814346313,30.69999885559082,-48.88336181640625,2.6349973678588867,-43.178192138671875,34.940269470214844,1.5213178396224976,63.18546676635742,-74.90233612060547,20.43743324279785,118.27706909179688,9.423765182495117,27.82208251953125,-24.669099807739258,61.2486572265625,84.4574203491211,24.011600494384766,-52.20932388305664,63.24538803100586,4.195025444030762,14.403191566467285,0.19842097163200378,-20.71233558654785,-43.78584289550781,-51.905426025390625,29.13786506652832,-21.551599502563477,9.170048713684082,-14.483407974243164,-95.61094665527344,37.78268814086914,15.446697235107422,-32.44985580444336,12.126981735229492,3.2796270847320557,27.63380241394043,-79.77206420898438,71.29733276367188,73.63090515136719,-43.4824333190918,-1.3384556770324707,-36.32804870605469,-69.72249603271484,-66.21804809570312,-91.06287384033203,-68.61815643310547,-9.921455383300781,-13.530797958374023,-63.39870834350586,94.49079895019531,27.372961044311523,-58.997684478759766,2.3578641414642334,-138.69454956054688,-21.22323226928711,-80.98406982421875,-117.24928283691406,-135.718505859375,8.576739311218262,-39.13787078857422,-111.20409393310547,-134.36624145507812,-40.1448860168457,9.98293685913086,34.220970153808594,6.957728385925293,-43.631988525390625
AnomalyDetection/data/Fe25/DSC00601.JPG,-44.98640823364258,-29.400306701660156,16.632858276367188,-87.32669830322266,32.92163848876953,41.59864807128906,4.756401538848877,-19.43978500366211,-85.26067352294922,90.13601684570312,-80.4701919555664,-21.58647918701172,-98.75730895996094,-69.10453796386719,90.87139892578125,43.633853912353516,-64.26268768310547,-6.222499370574951,52.55595016479492,-82.57206726074219,-13.316253662109375,26.75996971130371,2.187770366668701,19.96001625061035,87.85781860351562,-72.8099365234375,44.400272369384766,-5.52440881729126,64.12101745605469,-20.304872512817383,66.02632141113281,12.113240242004395,-17.081703186035156,98.6896743774414,41.10261917114258,-19.56390380859375,-99.3839340209961,40.68378448486328,76.0980224609375,87.97134399414062,-30.030166625976562,25.94577407836914,-37.68400573730469,103.49381256103516,-61.53020477294922,50.71501541137695,37.32219314575195,-68.34169006347656,38.13400650024414,89.58297729492188,-21.214061737060547,-22.292673110961914,-72.34862518310547,104.53802490234375,90.03636169433594,7.847906589508057,-79.50080871582031,-60.336612701416016,34.78835678100586,-2.017134189605713,5.138803005218506,24.316661834716797,-31.073732376098633,-28.895679473876953,-40.0885124206543,-10.621321678161621,1.8077123165130615,15.271601676940918,29.189599990844727,-25.925697326660156,-45.07699203491211,95.94337463378906,43.85903549194336,-13.395465850830078,-2.054896354675293,74.95098114013672,80.35742950439453,-24.904983520507812,-60.81680679321289,32.84719467163086,0.2609323561191559,50.0080451965332,-16.003625869750977,-59.59288787841797,-78.53473663330078,-44.6160774230957,14.165282249450684,-6.598562717437744,24.380159378051758,6.8812079429626465,-71.71304321289062,32.21690368652344,35.67512130737305,-23.1707820892334,20.372888565063477,3.479140043258667,23.409467697143555,-76.8805923461914,44.21571350097656,70.30775451660156,-41.81903076171875,37.41547775268555,-59.69327163696289,-69.36739349365234,-94.68171691894531,40.69358825683594,-74.74534606933594,-1.565922498703003,-27.198711395263672,-94.6848373413086,68.33235168457031,56.229209899902344,-58.724124908447266,-14.180745124816895,-129.96742248535156,-22.272768020629883,-83.36424255371094,-82.50654602050781,-132.5245819091797,46.9174919128418,-49.571998596191406,-89.48897552490234,-129.3451690673828,-59.25572967529297,51.76446533203125,36.55116271972656,-1.5099329948425293,-24.1170597076416
AnomalyDetection/data/Fe25/DSC00604.JPG,-61.023616790771484,-51.270076751708984,6.357210159301758,-55.35951614379883,33.93779754638672,-25.911895751953125,-7.3464884757995605,-33.63011932373047,-82.59529876708984,94.65924072265625,-139.9869842529297,22.241735458374023,-105.06526947021484,-19.752588272094727,92.30050659179688,8.18725872039795,-69.4970474243164,27.565282821655273,45.203975677490234,-29.716411590576172,-3.732379913330078,6.637146949768066,-13.032309532165527,-19.947566986083984,55.93008041381836,-115.64696502685547,46.78466033935547,30.395715713500977,60.786720275878906,-1.0385737419128418,60.64482116699219,-6.457743167877197,-42.27109146118164,81.9419937133789,-7.251718521118164,9.510899543762207,-91.9285888671875,28.444347381591797,91.8521499633789,111.59552001953125,-6.668572425842285,-2.6114041805267334,-66.66439819335938,105.63135528564453,-78.41468048095703,28.91558265686035,43.43522644042969,-37.003543853759766,16.304250717163086,43.3895263671875,-47.25932312011719,-51.77329635620117,-82.51807403564453,85.63688659667969,99.12676239013672,-1.5338153839111328,-82.18714904785156,8.503129005432129,-16.003034591674805,-4.398226737976074,43.34518814086914,2.9719016551971436,25.04327964782715,-45.42171859741211,1.3137325048446655,-43.23812484741211,35.5384407043457,-2.1228017807006836,59.19900131225586,-74.00316619873047,8.57069206237793,126.68601989746094,13.306854248046875,15.892266273498535,-24.818923950195312,71.65858459472656,90.96002960205078,27.527618408203125,-57.88479232788086,61.3802375793457,7.594858646392822,19.477882385253906,9.433960914611816,-28.532472610473633,-43.45127868652344,-52.961368560791016,24.359472274780273,-15.128423690795898,3.849102735519409,-7.7094197273254395,-95.92082977294922,40.75484848022461,21.243824005126953,-34.78907775878906,14.359641075134277,10.8859224319458,26.05910301208496,-85.04254150390625,60.62515640258789,67.04364013671875,-43.34690475463867,7.944106578826904,-37.91838073730469,-68.10823822021484,-72.8353042602539,-84.1300048828125,-63.128074645996094,-11.138606071472168,-22.1214656829834,-69.89752960205078,92.26241302490234,34.875587463378906,-65.61074829101562,-1.7370973825454712,-149.48143005371094,-20.09019660949707,-86.40811920166016,-121.6685562133789,-146.31040954589844,13.357868194580078,-42.9892578125,-115.26861572265625,-141.30235290527344,-42.81237030029297,2.0474140644073486,40.11282730102539,-0.4300347864627838,-39.40042495727539
AnomalyDetection/data/Fe25/DSC00606.JPG,-45.19502639770508,-24.572063446044922,16.827228546142578,-92.14038848876953,34.8692626953125,50.158424377441406,4.456926345825195,-19.28719711303711,-92.3927230834961,93.22636413574219,-80.07598876953125,-27.99297332763672,-99.49586486816406,-72.43696594238281,94.75674438476562,46.129638671875,-64.15093994140625,-6.109562397003174,55.49737548828125,-86.71123504638672,-14.265167236328125,29.092742919921875,5.004149436950684,24.411029815673828,91.68843841552734,-71.39246368408203,45.74635314941406,-9.190832138061523,68.74910736083984,-24.162246704101562,68.08775329589844,13.562240600585938,-15.409852981567383,105.5093994140625,47.489418029785156,-21.642051696777344,-104.86296844482422,41.96848678588867,76.38936614990234,89.0319595336914,-37.85081100463867,31.30230712890625,-39.49370574951172,106.052490234375,-63.66590118408203,52.751243591308594,36.59653854370117,-71.12319946289062,41.1165657043457,94.99263000488281,-17.46074104309082,-20.251070022583008,-76.2714614868164,111.138671875,92.86200714111328,10.24914836883545,-83.640380859375,-69.38289642333984,42.14512252807617,-2.051621675491333,2.2909505367279053,26.50143051147461,-37.77778244018555,-27.332300186157227,-45.258338928222656,-10.663887977600098,-3.41029953956604,17.742462158203125,26.661710739135742,-22.87039566040039,-53.42816162109375,97.50910949707031,49.862117767333984,-19.513103485107422,0.9771538376808167,80.89372253417969,82.04859161376953,-29.898109436035156,-63.60795974731445,29.85004425048828,0.11143723875284195,54.677001953125,-17.55296516418457,-68.03103637695312,-81.8244857788086,-44.0989875793457,10.954099655151367,-3.573153018951416,24.15640640258789,11.104979515075684,-72.44245910644531,33.29958724975586,37.30521774291992,-25.362558364868164,21.90481185913086,3.644857168197632,23.855501174926758,-80.78372955322266,40.83650207519531,69.88888549804688,-42.76338577270508,41.19136047363281,-63.91038131713867,-70.57416534423828,-102.0340576171875,53.089046478271484,-76.45018005371094,-2.640144109725952,-32.220542907714844,-101.21601104736328,65.7989273071289,63.14324951171875,-60.309715270996094,-15.094103813171387,-137.19041442871094,-22.6104793548584,-85.58342742919922,-82.1290283203125,-141.94322204589844,51.93545150756836,-50.7705078125,-90.84394836425781,-134.5430450439453,-64.12903594970703,55.809635162353516,37.04022216796875,-4.189329147338867,-21.461517333984375
